<Anims>
 <anim name="anim" root="BUILD_PLAYER" numframes="100" framerate="40">
  <frame idx="0" w="768" h="1052" x="-404.694061" y="-563.887573">
   <element name="ghost_eyes" layername="timeline_0" frame="0" z_index="4" m_a="0.999420" m_b="-0.030792" m_c="0.030792" m_d="0.999420" m_tx="6.750000" m_ty="-401.748993"/>
   <element name="ghost_tail" layername="timeline_1" frame="0" z_index="5" m_a="1.000000" m_b="0.000000" m_c="0.000000" m_d="1.000000" m_tx="0.000000" m_ty="19.950001"/>
   <element name="ghost_misc" layername="timeline_4" frame="0" z_index="3" m_a="0.981654" m_b="0.190672" m_c="-0.190672" m_d="0.981654" m_tx="-36.452469" m_ty="-621.215820"/>
   <element name="ghost_misc" layername="timeline_5" frame="1" z_index="6" m_a="-0.994405" m_b="-0.159582" m_c="-0.158453" m_d="0.987367" m_tx="91.627701" m_ty="-579.360596"/>
   <element name="ghost_misc" layername="timeline_6" frame="1" z_index="7" m_a="0.914426" m_b="0.000000" m_c="0.000000" m_d="1.067659" m_tx="-44.298031" m_ty="-606.459167"/>
  </frame>
  <frame idx="25" w="768" h="1052" x="-404.694061" y="-563.887573">
   <element name="ghost_eyes" layername="timeline_0" frame="0" z_index="4" m_a="0.955623" m_b="-0.035785" m_c="0.043367" m_d="1.158072" m_tx="12.632353" m_ty="-395.866638"/>
   <element name="ghost_tail" layername="timeline_1" frame="0" z_index="5" m_a="1.000000" m_b="0.000000" m_c="0.000000" m_d="1.000000" m_tx="0.000000" m_ty="19.950001"/>
   <element name="ghost_misc" layername="timeline_4" frame="0" z_index="3" m_a="0.981654" m_b="0.190672" m_c="-0.190672" m_d="0.981654" m_tx="-36.452469" m_ty="-621.215820"/>
   <element name="ghost_misc" layername="timeline_5" frame="1" z_index="6" m_a="-0.994405" m_b="-0.159582" m_c="-0.158453" m_d="0.987367" m_tx="91.627701" m_ty="-579.360596"/>
   <element name="ghost_misc" layername="timeline_6" frame="1" z_index="7" m_a="0.914426" m_b="0.000000" m_c="0.000000" m_d="1.067659" m_tx="-44.298031" m_ty="-606.459167"/>
  </frame>
  <frame idx="50" w="768" h="1095" x="-404.694061" y="-567.387573">
   <element name="ghost_eyes" layername="timeline_0" frame="0" z_index="6" m_a="1.043545" m_b="-0.021870" m_c="0.025168" m_d="1.200908" m_tx="21.416666" m_ty="-350.936890"/>
   <element name="ghost_tail" layername="timeline_1" frame="0" z_index="7" m_a="1.000000" m_b="0.000000" m_c="0.000000" m_d="1.000000" m_tx="0.000000" m_ty="19.950001"/>
   <element name="ghost_FX" layername="timeline_2" frame="7" z_index="7" m_a="1.000000" m_b="0.000000" m_c="0.000000" m_d="1.000000" m_tx="5.450000" m_ty="-10.849000"/>
   <element name="ghost_misc" layername="timeline_4" frame="0" z_index="7" m_a="0.981654" m_b="0.190672" m_c="-0.190672" m_d="0.981654" m_tx="-36.452469" m_ty="-621.215820"/>
   <element name="ghost_misc" layername="timeline_5" frame="1" z_index="7" m_a="-0.994405" m_b="-0.159582" m_c="-0.158453" m_d="0.987367" m_tx="91.627701" m_ty="-579.360596"/>
   <element name="ghost_misc" layername="timeline_6" frame="1" z_index="7" m_a="0.914426" m_b="0.000000" m_c="0.000000" m_d="1.067659" m_tx="-44.298031" m_ty="-606.459167"/>
  </frame>
  <frame idx="75" w="806" h="1095" x="-408.194061" y="-567.387573">
   <element name="ghost_eyes" layername="timeline_0" frame="3" z_index="6" m_a="1.153399" m_b="-0.001053" m_c="0.001082" m_d="1.185290" m_tx="28.500000" m_ty="-305.449005"/>
   <element name="ghost_tail" layername="timeline_1" frame="0" z_index="7" m_a="1.000000" m_b="0.000000" m_c="0.000000" m_d="1.000000" m_tx="0.000000" m_ty="19.950001"/>
   <element name="ghost_FX" layername="timeline_2" frame="7" z_index="7" m_a="1.000000" m_b="0.000000" m_c="0.000000" m_d="1.000000" m_tx="5.450000" m_ty="-10.849000"/>
   <element name="ghost_body" layername="timeline_3" frame="0" z_index="7" m_a="0.958617" m_b="0.041284" m_c="-0.040481" m_d="0.939967" m_tx="6.900000" m_ty="-324.199005"/>
   <element name="ghost_misc" layername="timeline_4" frame="0" z_index="7" m_a="0.981654" m_b="0.190672" m_c="-0.190672" m_d="0.981654" m_tx="-36.452469" m_ty="-621.215820"/>
   <element name="ghost_misc" layername="timeline_5" frame="1" z_index="7" m_a="-0.994405" m_b="-0.159582" m_c="-0.158453" m_d="0.987367" m_tx="91.627701" m_ty="-579.360596"/>
   <element name="ghost_misc" layername="timeline_6" frame="1" z_index="7" m_a="0.914426" m_b="0.000000" m_c="0.000000" m_d="1.067659" m_tx="-44.298031" m_ty="-606.459167"/>
  </frame>
 </anim>
</Anims>
